lag_months,correlation,p_value
0,0.07724054246828398,0.12930407205193628
3,0.03445875236887086,0.4974401238344279
6,0.008677689409832377,0.8643623344331753
9,0.005993891066947973,0.9060748106191762
12,0.029597262603346327,0.560061190072336
15,0.06601070247841889,0.19331264340114745
18,0.10065389059732706,0.046986498291603514
21,0.11827845026897535,0.019464062036599315
24,0.1289512383568409,0.010801384635075578
